{"score": {"sample": {"0": {"execution_time": 0.27597761154174805, "passed": true}, "1": {"execution_time": 0.27698564529418945, "passed": true}, "2": {"execution_time": 0.6307289600372314, "passed": true}, "3": {"execution_time": 0.7975466251373291, "passed": true}, "4": {"execution_time": 0.5556485652923584, "passed": true}, "5": {"execution_time": 0.6169712543487549, "passed": true}, "6": {"execution_time": 0.6669929027557373, "passed": true}, "7": {"execution_time": 0.5977091789245605, "passed": true}, "8": {"execution_time": 0.3787107467651367, "passed": true}, "9": {"execution_time": 0.6410958766937256, "passed": true}, "10": {"execution_time": 0.5551736354827881, "passed": true}, "11": {"execution_time": 2.2040178775787354, "passed": true}, "12": {"execution_time": 0.5692939758300781, "passed": true}, "13": {"execution_time": 0.1936495304107666, "passed": true}, "14": {"execution_time": 0.6786482334136963, "passed": true}, "15": {"execution_time": 0.6350522041320801, "passed": true}, "16": {"execution_time": 0.2604188919067383, "passed": true}, "17": {"execution_time": 0.23993372917175293, "passed": true}, "18": {"execution_time": 0.2711665630340576, "passed": true}, "19": {"execution_time": 0.3306314945220947, "passed": true}, "20": {"execution_time": 0.31850361824035645, "passed": true}, "21": {"execution_time": 0.2855374813079834, "passed": true}, "22": {"execution_time": 0.3086729049682617, "passed": true}, "23": {"execution_time": 0.3347737789154053, "passed": true}, "24": {"execution_time": 0.37567806243896484, "passed": true}, "25": {"execution_time": 0.6903481483459473, "passed": true}, "26": {"execution_time": 0.5710983276367188, "passed": true}, "27": {"execution_time": 0.7264249324798584, "passed": true}, "28": {"execution_time": 0.9520492553710938, "passed": true}, "29": {"execution_time": 0.18863773345947266, "passed": true}}}, "check_style_score": "0/1", "message": "ERROR: Hidden Testcases server unreachable.", "version": "1", "problem_id": "ads2_m16_a1_1", "user_id": "gangadharsingh"}