{"version": "1", "message": "ERROR: Hidden Testcases server unreachable.", "problem_id": "ads2_m2_a1_1", "user_id": "ramushetty", "score": {"sample": {"0": {"execution_time": 0.19946575164794922, "passed": true}, "1": {"execution_time": 0.14811015129089355, "passed": true}, "2": {"execution_time": 0.14603328704833984, "passed": true}, "3": {"execution_time": 0.14458322525024414, "passed": true}, "4": {"execution_time": 0.298994779586792, "passed": true}, "5": {"execution_time": 0.2990148067474365, "passed": true}, "6": {"execution_time": 0.22063469886779785, "passed": true}, "7": {"execution_time": 0.14777350425720215, "passed": true}, "8": {"execution_time": 0.1494617462158203, "passed": true}, "9": {"execution_time": 0.14690923690795898, "passed": true}, "10": {"execution_time": 0.3059661388397217, "passed": true}, "11": {"execution_time": 0.14668893814086914, "passed": true}, "12": {"execution_time": 0.14780902862548828, "passed": true}, "13": {"execution_time": 0.14960074424743652, "passed": true}, "14": {"execution_time": 0.1501002311706543, "passed": true}, "15": {"execution_time": 0.2455754280090332, "passed": true}, "16": {"execution_time": 0.3203873634338379, "passed": true}, "17": {"execution_time": 0.19475126266479492, "passed": true}, "18": {"execution_time": 0.2048032283782959, "passed": true}, "19": {"execution_time": 0.18893194198608398, "passed": true}, "20": {"execution_time": 0.1900177001953125, "passed": true}, "21": {"execution_time": 0.3114755153656006, "passed": true}, "22": {"execution_time": 0.42365407943725586, "passed": true}, "23": {"execution_time": 0.4087667465209961, "passed": true}}}, "check_style_score": "1/1"}