{"version": "1", "message": "ERROR: Hidden Testcases server unreachable.", "problem_id": "ads2_m2_a1_1", "user_id": "ramushetty", "score": {"sample": {"0": {"execution_time": 0.17861723899841309, "passed": true}, "1": {"execution_time": 0.15025568008422852, "passed": true}, "2": {"execution_time": 0.14565324783325195, "passed": true}, "3": {"execution_time": 0.1523876190185547, "passed": true}, "4": {"execution_time": 0.14368700981140137, "passed": true}, "5": {"execution_time": 0.3061950206756592, "passed": true}, "6": {"execution_time": 0.1574540138244629, "passed": true}, "7": {"execution_time": 0.15211272239685059, "passed": true}, "8": {"execution_time": 0.1528787612915039, "passed": true}, "9": {"execution_time": 0.1569044589996338, "passed": true}, "10": {"execution_time": 0.3017299175262451, "passed": true}, "11": {"execution_time": 0.22816228866577148, "passed": true}, "12": {"execution_time": 0.1560530662536621, "passed": true}, "13": {"execution_time": 0.153900146484375, "passed": true}, "14": {"execution_time": 0.16542506217956543, "passed": true}, "15": {"execution_time": 0.34439826011657715, "passed": true}, "16": {"execution_time": 0.33040809631347656, "passed": true}, "17": {"execution_time": 0.21182632446289062, "passed": true}, "18": {"execution_time": 0.16444611549377441, "passed": true}, "19": {"execution_time": 0.20574021339416504, "passed": true}, "20": {"execution_time": 0.18569207191467285, "passed": true}, "21": {"execution_time": 0.35559678077697754, "passed": true}, "22": {"execution_time": 0.22633147239685059, "passed": true}, "23": {"execution_time": 0.26139330863952637, "passed": true}}}, "check_style_score": "1/1"}