{"version": "1", "message": "ERROR: Hidden Testcases server unreachable.", "problem_id": "ads2_m2_a1_1", "user_id": "ramushetty", "score": {"sample": {"0": {"execution_time": 0.1718463897705078, "passed": true}, "1": {"execution_time": 0.14884614944458008, "passed": true}, "2": {"execution_time": 0.14581584930419922, "passed": true}, "3": {"execution_time": 0.14718198776245117, "passed": true}, "4": {"execution_time": 0.1566169261932373, "passed": true}, "5": {"execution_time": 0.15142250061035156, "passed": true}, "6": {"execution_time": 0.22028088569641113, "passed": true}, "7": {"execution_time": 0.21291494369506836, "passed": true}, "8": {"execution_time": 0.14986562728881836, "passed": true}, "9": {"execution_time": 0.17234539985656738, "passed": true}, "10": {"execution_time": 0.1811997890472412, "passed": true}, "11": {"execution_time": 0.14968276023864746, "passed": true}, "12": {"execution_time": 0.17778968811035156, "passed": true}, "13": {"execution_time": 0.14857959747314453, "passed": true}, "14": {"execution_time": 0.1484220027923584, "passed": true}, "15": {"execution_time": 0.25136613845825195, "passed": true}, "16": {"execution_time": 0.1705765724182129, "passed": true}, "17": {"execution_time": 0.18183684349060059, "passed": true}, "18": {"execution_time": 0.1764070987701416, "passed": true}, "19": {"execution_time": 0.28606319427490234, "passed": true}, "20": {"execution_time": 0.3783431053161621, "passed": true}, "21": {"execution_time": 0.1503598690032959, "passed": true}, "22": {"execution_time": 0.23713397979736328, "passed": true}, "23": {"execution_time": 0.20279765129089355, "passed": true}}}, "check_style_score": "0/1"}