{"version": "1", "message": "ERROR: Hidden Testcases server unreachable.", "problem_id": "ads2_m2_a1_1", "user_id": "ramushetty", "score": {"sample": {"0": {"execution_time": 0.37987351417541504, "passed": true}, "1": {"execution_time": 0.33910202980041504, "passed": true}, "2": {"execution_time": 0.30662107467651367, "passed": true}, "3": {"execution_time": 0.3037538528442383, "passed": true}, "4": {"execution_time": 0.3157830238342285, "passed": true}, "5": {"execution_time": 0.2997910976409912, "passed": true}, "6": {"execution_time": 0.314594030380249, "passed": true}, "7": {"execution_time": 0.30323314666748047, "passed": true}, "8": {"execution_time": 0.384279727935791, "passed": true}, "9": {"execution_time": 0.32938480377197266, "passed": true}, "10": {"execution_time": 0.30208873748779297, "passed": true}, "11": {"execution_time": 0.32956552505493164, "passed": true}, "12": {"execution_time": 0.2975764274597168, "passed": true}, "13": {"execution_time": 0.30446815490722656, "passed": true}, "14": {"execution_time": 0.3366818428039551, "passed": true}, "15": {"execution_time": 0.39705538749694824, "passed": true}, "16": {"execution_time": 0.34383368492126465, "passed": true}, "17": {"execution_time": 0.39273548126220703, "passed": true}, "18": {"execution_time": 0.32767224311828613, "passed": true}, "19": {"execution_time": 0.36138916015625, "passed": true}, "20": {"execution_time": 0.3929738998413086, "passed": true}, "21": {"execution_time": 0.3278226852416992, "passed": true}, "22": {"execution_time": 0.4198579788208008, "passed": true}, "23": {"execution_time": 0.4297037124633789, "passed": true}}}, "check_style_score": "1/1"}