{"version": "1", "message": "ERROR: Hidden Testcases server unreachable.", "problem_id": "ads2_m16_a1_1", "user_id": "nehruperumalla1", "score": {"sample": {"0": {"execution_time": 0.4475240707397461, "passed": true}, "1": {"execution_time": 0.5326955318450928, "passed": true}, "2": {"execution_time": 0.9868204593658447, "passed": true}, "3": {"execution_time": 1.2877168655395508, "passed": true}, "4": {"execution_time": 1.0181539058685303, "passed": true}, "5": {"execution_time": 1.0714399814605713, "passed": true}, "6": {"execution_time": 1.024507761001587, "passed": true}, "7": {"execution_time": 1.0895931720733643, "passed": true}, "8": {"execution_time": 0.5230908393859863, "passed": true}, "9": {"execution_time": 0.9891421794891357, "passed": true}, "10": {"execution_time": 0.9581661224365234, "passed": true}, "11": {"execution_time": 5.780582904815674, "passed": true}, "12": {"execution_time": 1.0198543071746826, "passed": true}, "13": {"execution_time": 0.4543006420135498, "passed": true}, "14": {"execution_time": 0.9648144245147705, "passed": true}, "15": {"execution_time": 1.0560696125030518, "passed": true}, "16": {"execution_time": 0.5546755790710449, "passed": true}, "17": {"execution_time": 0.5791757106781006, "passed": true}, "18": {"execution_time": 0.5858204364776611, "passed": true}, "19": {"execution_time": 1.1073634624481201, "passed": true}, "20": {"execution_time": 1.434175729751587, "passed": true}, "21": {"execution_time": 0.8816697597503662, "passed": true}, "22": {"execution_time": 0.7010400295257568, "passed": true}, "23": {"execution_time": 0.7735557556152344, "passed": true}, "24": {"execution_time": 0.5495815277099609, "passed": true}, "25": {"execution_time": 1.5316002368927002, "passed": true}, "26": {"execution_time": 1.1176104545593262, "passed": true}, "27": {"execution_time": 1.324084758758545, "passed": true}, "28": {"execution_time": 2.0184121131896973, "passed": true}, "29": {"execution_time": 0.5412113666534424, "passed": true}}}, "check_style_score": "0/1"}