{"version": "1", "message": "ERROR: Hidden Testcases server unreachable.", "problem_id": "ads2_m16_a1_1", "user_id": "ramushetty", "score": {"sample": {"0": {"execution_time": 0.5881292819976807, "passed": true}, "1": {"execution_time": 0.4891855716705322, "passed": true}, "2": {"execution_time": 0.7955412864685059, "passed": true}, "3": {"execution_time": 0.9474654197692871, "passed": true}, "4": {"execution_time": 0.9731848239898682, "passed": true}, "5": {"execution_time": 1.0129401683807373, "passed": true}, "6": {"execution_time": 1.0419213771820068, "passed": true}, "7": {"execution_time": 0.5201983451843262, "passed": true}, "8": {"execution_time": 0.5710878372192383, "passed": true}, "9": {"execution_time": 1.0849027633666992, "passed": true}, "10": {"execution_time": 0.4826681613922119, "passed": true}, "11": {"execution_time": 7.236921072006226, "passed": true}, "12": {"execution_time": 0.9777975082397461, "passed": true}, "13": {"execution_time": 0.4737386703491211, "passed": true}, "14": {"execution_time": 0.9337537288665771, "passed": true}, "15": {"execution_time": 1.0297214984893799, "passed": true}, "16": {"execution_time": 0.5052933692932129, "passed": true}, "17": {"execution_time": 0.5200560092926025, "passed": true}, "18": {"execution_time": 0.5131735801696777, "passed": true}, "19": {"execution_time": 0.5361273288726807, "passed": true}, "20": {"execution_time": 0.5443201065063477, "passed": true}, "21": {"execution_time": 0.5005004405975342, "passed": true}, "22": {"execution_time": 0.489926815032959, "passed": true}, "23": {"execution_time": 0.4977688789367676, "passed": true}, "24": {"execution_time": 0.39829301834106445, "passed": true}, "25": {"execution_time": 1.090939998626709, "passed": true}, "26": {"execution_time": 0.8954894542694092, "passed": true}, "27": {"execution_time": 1.1829540729522705, "passed": true}, "28": {"execution_time": 1.529240369796753, "passed": true}, "29": {"execution_time": 0.28119874000549316, "passed": true}}}, "check_style_score": "0/1"}