{"version": "1", "message": "ERROR: Hidden Testcases server unreachable.", "problem_id": "ads2_m6_a1_1", "user_id": "ramushetty", "score": {"sample": {"0": {"execution_time": 0.3036844730377197, "passed": false}, "1": {"execution_time": 0.22977805137634277, "passed": false}, "2": {"execution_time": 0.45943284034729004, "passed": false}, "3": {"execution_time": 0.3854959011077881, "passed": false}, "4": {"execution_time": 0.4274742603302002, "passed": false}, "5": {"execution_time": 0.43261218070983887, "passed": false}, "6": {"execution_time": 0.43187499046325684, "passed": false}, "7": {"execution_time": 0.4344463348388672, "passed": false}, "8": {"execution_time": 0.38766002655029297, "passed": false}, "9": {"execution_time": 0.3870811462402344, "passed": false}, "10": {"execution_time": 0.414961576461792, "passed": false}, "11": {"execution_time": 0.42984914779663086, "passed": false}}}, "check_style_score": "0/1"}