{"version": "1", "message": "ERROR: Hidden Testcases server unreachable.", "problem_id": "ads2_m4_a1_1", "user_id": "ramushetty", "score": {"sample": {"0": {"execution_time": 0.30283451080322266, "passed": true}, "1": {"execution_time": 0.23201656341552734, "passed": true}, "2": {"execution_time": 0.24919724464416504, "passed": true}, "3": {"execution_time": 0.24217009544372559, "passed": true}, "4": {"execution_time": 0.19319915771484375, "passed": true}, "5": {"execution_time": 0.17906737327575684, "passed": true}, "6": {"execution_time": 0.1786201000213623, "passed": true}, "7": {"execution_time": 0.26189446449279785, "passed": true}, "8": {"execution_time": 0.23229408264160156, "passed": true}, "9": {"execution_time": 0.2204430103302002, "passed": true}, "10": {"execution_time": 0.227067232131958, "passed": true}, "11": {"execution_time": 0.2030777931213379, "passed": true}, "12": {"execution_time": 0.3430824279785156, "passed": true}, "13": {"execution_time": 0.8628005981445312, "passed": true}, "14": {"execution_time": 0.17482233047485352, "passed": true}}}, "check_style_score": "0/1"}