{"version": "1", "message": "ERROR: Hidden Testcases server unreachable.", "problem_id": "ads2_m4_a1_1", "user_id": "ramushetty", "score": {"sample": {"0": {"execution_time": 0.250765323638916, "passed": true}, "1": {"execution_time": 0.33031249046325684, "passed": true}, "2": {"execution_time": 0.2819688320159912, "passed": true}, "3": {"execution_time": 0.2600564956665039, "passed": true}, "4": {"execution_time": 0.23678112030029297, "passed": true}, "5": {"execution_time": 0.19605159759521484, "passed": true}, "6": {"execution_time": 0.1731421947479248, "passed": true}, "7": {"execution_time": 0.24944090843200684, "passed": true}, "8": {"execution_time": 0.19382023811340332, "passed": true}, "9": {"execution_time": 0.22344636917114258, "passed": true}, "10": {"execution_time": 0.17220807075500488, "passed": true}, "11": {"execution_time": 0.1817018985748291, "passed": true}, "12": {"execution_time": 0.1612241268157959, "passed": true}, "13": {"execution_time": 0.8948924541473389, "passed": true}, "14": {"execution_time": 0.16120362281799316, "passed": true}}}, "check_style_score": "0/1"}