{"version": "1", "message": "ERROR: Hidden Testcases server unreachable.", "problem_id": "ads2_m4_a1_1", "user_id": "ramushetty", "score": {"sample": {"0": {"execution_time": 0.2898733615875244, "passed": true}, "1": {"execution_time": 0.2743856906890869, "passed": true}, "2": {"execution_time": 0.24229788780212402, "passed": true}, "3": {"execution_time": 0.4098801612854004, "passed": true}, "4": {"execution_time": 0.21142816543579102, "passed": true}, "5": {"execution_time": 0.20101022720336914, "passed": true}, "6": {"execution_time": 0.2205371856689453, "passed": true}, "7": {"execution_time": 0.1847517490386963, "passed": true}, "8": {"execution_time": 0.3972029685974121, "passed": true}, "9": {"execution_time": 0.1875, "passed": true}, "10": {"execution_time": 0.1905050277709961, "passed": true}, "11": {"execution_time": 0.18550777435302734, "passed": true}, "12": {"execution_time": 0.1792769432067871, "passed": true}, "13": {"execution_time": 1.467414140701294, "passed": true}, "14": {"execution_time": 0.23157262802124023, "passed": true}}}, "check_style_score": "0/1"}