{"version": "1", "message": "ERROR: Hidden Testcases server unreachable.", "problem_id": "ads2_m4_a1_1", "user_id": "ramushetty", "score": {"sample": {"0": {"execution_time": 0.25445079803466797, "passed": true}, "1": {"execution_time": 0.21245551109313965, "passed": true}, "2": {"execution_time": 0.24031996726989746, "passed": true}, "3": {"execution_time": 0.24530863761901855, "passed": true}, "4": {"execution_time": 0.19920945167541504, "passed": true}, "5": {"execution_time": 0.21951532363891602, "passed": true}, "6": {"execution_time": 0.17961573600769043, "passed": true}, "7": {"execution_time": 0.18728160858154297, "passed": true}, "8": {"execution_time": 0.1872878074645996, "passed": true}, "9": {"execution_time": 0.20642495155334473, "passed": true}, "10": {"execution_time": 0.17969274520874023, "passed": true}, "11": {"execution_time": 0.17973542213439941, "passed": true}, "12": {"execution_time": 0.15650248527526855, "passed": true}, "13": {"execution_time": 0.7974638938903809, "passed": true}, "14": {"execution_time": 0.33404970169067383, "passed": true}}}, "check_style_score": "1/1"}