{"version": "1", "message": "ERROR: Hidden Testcases server unreachable.", "problem_id": "ads2_m4_a1_1", "user_id": "ramushetty", "score": {"sample": {"0": {"execution_time": 0.23178505897521973, "passed": true}, "1": {"execution_time": 0.180894136428833, "passed": true}, "2": {"execution_time": 0.2530558109283447, "passed": true}, "3": {"execution_time": 0.25821757316589355, "passed": true}, "4": {"execution_time": 0.2198333740234375, "passed": true}, "5": {"execution_time": 0.20261836051940918, "passed": true}, "6": {"execution_time": 0.17254137992858887, "passed": true}, "7": {"execution_time": 0.17891836166381836, "passed": true}, "8": {"execution_time": 0.2013077735900879, "passed": true}, "9": {"execution_time": 0.17133522033691406, "passed": true}, "10": {"execution_time": 0.1934823989868164, "passed": true}, "11": {"execution_time": 0.1859729290008545, "passed": true}, "12": {"execution_time": 0.15781188011169434, "passed": true}, "13": {"execution_time": 1.67592453956604, "passed": true}, "14": {"execution_time": 0.21847748756408691, "passed": true}}}, "check_style_score": "0/1"}